category,substance,sample_type,unit,year,age_group_en,age_group_kr,statistic,value
중금속,납,전혈,㎍/dL,2023,middle_high_school,중고등학생,geometric_mean,0.2
중금속,납,전혈,㎍/dL,2023,middle_high_school,중고등학생,p95,0.403
중금속,납,전혈,㎍/dL,2023,adult,성인,geometric_mean,1.44
중금속,납,전혈,㎍/dL,2023,adult,성인,p95,3.62
중금속,납,요,㎍/L,2023,preschool,영유아,geometric_mean,0.507
중금속,납,요,㎍/L,2023,preschool,영유아,p95,1.45
중금속,납,요,㎍/L,2023,elementary,초등학생,geometric_mean,0.522
중금속,납,요,㎍/L,2023,elementary,초등학생,p95,1.22
중금속,납,요,㎍/L,2023,middle_high_school,중고등학생,geometric_mean,0.53
중금속,납,요,㎍/L,2023,middle_high_school,중고등학생,p95,1.19
중금속,납,요,㎍/L,2023,adult,성인,geometric_mean,0.692
중금속,납,요,㎍/L,2023,adult,성인,p95,2.11
중금속,납,요,㎍/g cr.,2023,preschool,영유아,geometric_mean,0.569
중금속,납,요,㎍/g cr.,2023,preschool,영유아,p95,1.78
중금속,납,요,㎍/g cr.,2023,elementary,초등학생,geometric_mean,0.423
중금속,납,요,㎍/g cr.,2023,elementary,초등학생,p95,0.961
중금속,납,요,㎍/g cr.,2023,middle_high_school,중고등학생,geometric_mean,0.316
중금속,납,요,㎍/g cr.,2023,middle_high_school,중고등학생,p95,0.695
중금속,납,요,㎍/g cr.,2023,adult,성인,geometric_mean,0.695
중금속,납,요,㎍/g cr.,2023,adult,성인,p95,2.06
중금속,수은,전혈,㎍/L,2023,middle_high_school,중고등학생,geometric_mean,1.19
중금속,수은,전혈,㎍/L,2023,middle_high_school,중고등학생,p95,3.01
중금속,수은,전혈,㎍/L,2023,adult,성인,geometric_mean,2.52
중금속,수은,전혈,㎍/L,2023,adult,성인,p95,7.18
중금속,수은,요,㎍/L,2023,preschool,영유아,geometric_mean,0.277
중금속,수은,요,㎍/L,2023,preschool,영유아,p95,0.867
중금속,수은,요,㎍/L,2023,elementary,초등학생,geometric_mean,0.291
중금속,수은,요,㎍/L,2023,elementary,초등학생,p95,0.889
중금속,수은,요,㎍/L,2023,middle_high_school,중고등학생,geometric_mean,0.337
중금속,수은,요,㎍/L,2023,middle_high_school,중고등학생,p95,1.21
중금속,수은,요,㎍/L,2023,adult,성인,geometric_mean,0.34
중금속,수은,요,㎍/L,2023,adult,성인,p95,1.64
중금속,수은,요,㎍/g cr.,2023,preschool,영유아,geometric_mean,0.32
중금속,수은,요,㎍/g cr.,2023,preschool,영유아,p95,0.887
중금속,수은,요,㎍/g cr.,2023,elementary,초등학생,geometric_mean,0.237
중금속,수은,요,㎍/g cr.,2023,elementary,초등학생,p95,0.584
중금속,수은,요,㎍/g cr.,2023,middle_high_school,중고등학생,geometric_mean,0.195
중금속,수은,요,㎍/g cr.,2023,middle_high_school,중고등학생,p95,0.552
중금속,수은,요,㎍/g cr.,2023,adult,성인,geometric_mean,0.344
중금속,수은,요,㎍/g cr.,2023,adult,성인,p95,1.18
중금속,카드뮴,전혈,㎍/L,2023,middle_high_school,중고등학생,geometric_mean,0.129
중금속,카드뮴,전혈,㎍/L,2023,middle_high_school,중고등학생,p95,0.223
중금속,카드뮴,전혈,㎍/L,2023,adult,성인,geometric_mean,0.577
중금속,카드뮴,전혈,㎍/L,2023,adult,성인,p95,2.03
중금속,카드뮴,요,㎍/L,2023,preschool,영유아,geometric_mean,0.211
중금속,카드뮴,요,㎍/L,2023,preschool,영유아,p95,0.507
중금속,카드뮴,요,㎍/L,2023,elementary,초등학생,geometric_mean,0.247
중금속,카드뮴,요,㎍/L,2023,elementary,초등학생,p95,0.576
중금속,카드뮴,요,㎍/L,2023,middle_high_school,중고등학생,geometric_mean,0.286
중금속,카드뮴,요,㎍/L,2023,middle_high_school,중고등학생,p95,0.68
중금속,카드뮴,요,㎍/L,2023,adult,성인,geometric_mean,0.594
중금속,카드뮴,요,㎍/L,2023,adult,성인,p95,2.18
중금속,카드뮴,요,㎍/g cr.,2023,preschool,영유아,geometric_mean,0.239
중금속,카드뮴,요,㎍/g cr.,2023,preschool,영유아,p95,0.459
중금속,카드뮴,요,㎍/g cr.,2023,elementary,초등학생,geometric_mean,0.2
중금속,카드뮴,요,㎍/g cr.,2023,elementary,초등학생,p95,0.398
중금속,카드뮴,요,㎍/g cr.,2023,middle_high_school,중고등학생,geometric_mean,0.164
중금속,카드뮴,요,㎍/g cr.,2023,middle_high_school,중고등학생,p95,0.326
중금속,카드뮴,요,㎍/g cr.,2023,adult,성인,geometric_mean,0.6
중금속,카드뮴,요,㎍/g cr.,2023,adult,성인,p95,2.22
중금속,망가니즈,전혈,㎍/L,2023,middle_high_school,중고등학생,geometric_mean,2.54
중금속,망가니즈,전혈,㎍/L,2023,middle_high_school,중고등학생,p95,3.75
중금속,망가니즈,전혈,㎍/L,2023,adult,성인,geometric_mean,16.6
중금속,망가니즈,전혈,㎍/L,2023,adult,성인,p95,31.1
중금속,망가니즈,요,㎍/L,2023,preschool,영유아,geometric_mean,0.234
중금속,망가니즈,요,㎍/L,2023,preschool,영유아,p95,0.636
중금속,망가니즈,요,㎍/L,2023,elementary,초등학생,geometric_mean,0.221
중금속,망가니즈,요,㎍/L,2023,elementary,초등학생,p95,0.639
중금속,망가니즈,요,㎍/L,2023,middle_high_school,중고등학생,geometric_mean,0.234
중금속,망가니즈,요,㎍/L,2023,middle_high_school,중고등학생,p95,0.842
중금속,망가니즈,요,㎍/L,2023,adult,성인,geometric_mean,0.193
중금속,망가니즈,요,㎍/L,2023,adult,성인,p95,0.706
중금속,망가니즈,요,㎍/g cr.,2023,preschool,영유아,geometric_mean,0.254
중금속,망가니즈,요,㎍/g cr.,2023,preschool,영유아,p95,0.807
중금속,망가니즈,요,㎍/g cr.,2023,elementary,초등학생,geometric_mean,0.175
중금속,망가니즈,요,㎍/g cr.,2023,elementary,초등학생,p95,0.581
중금속,망가니즈,요,㎍/g cr.,2023,middle_high_school,중고등학생,geometric_mean,0.139
중금속,망가니즈,요,㎍/g cr.,2023,middle_high_school,중고등학생,p95,0.57
중금속,망가니즈,요,㎍/g cr.,2023,adult,성인,geometric_mean,0.187
중금속,망가니즈,요,㎍/g cr.,2023,adult,성인,p95,0.914
중금속,몰리브데넘,전혈,㎍/L,2023,middle_high_school,중고등학생,geometric_mean,0.112
중금속,몰리브데넘,전혈,㎍/L,2023,middle_high_school,중고등학생,p95,0.232
중금속,몰리브데넘,전혈,㎍/L,2023,adult,성인,geometric_mean,0.964
중금속,몰리브데넘,전혈,㎍/L,2023,adult,성인,p95,3.44
중금속,몰리브데넘,요,㎍/L,2023,preschool,영유아,geometric_mean,113.0
중금속,몰리브데넘,요,㎍/L,2023,preschool,영유아,p95,331.0
중금속,몰리브데넘,요,㎍/L,2023,elementary,초등학생,geometric_mean,102.0
중금속,몰리브데넘,요,㎍/L,2023,elementary,초등학생,p95,295.0
중금속,몰리브데넘,요,㎍/L,2023,middle_high_school,중고등학생,geometric_mean,81.0
중금속,몰리브데넘,요,㎍/L,2023,middle_high_school,중고등학생,p95,236.0
중금속,몰리브데넘,요,㎍/L,2023,adult,성인,geometric_mean,56.6
중금속,몰리브데넘,요,㎍/L,2023,adult,성인,p95,211.0
중금속,몰리브데넘,요,㎍/g cr.,2023,preschool,영유아,geometric_mean,129.0
중금속,몰리브데넘,요,㎍/g cr.,2023,preschool,영유아,p95,305.0
중금속,몰리브데넘,요,㎍/g cr.,2023,elementary,초등학생,geometric_mean,83.0
중금속,몰리브데넘,요,㎍/g cr.,2023,elementary,초등학생,p95,201.0
중금속,몰리브데넘,요,㎍/g cr.,2023,middle_high_school,중고등학생,geometric_mean,47.5
중금속,몰리브데넘,요,㎍/g cr.,2023,middle_high_school,중고등학생,p95,113.0
중금속,몰리브데넘,요,㎍/g cr.,2023,adult,성인,geometric_mean,57.3
중금속,몰리브데넘,요,㎍/g cr.,2023,adult,성인,p95,163.0
중금속,니켈,전혈,㎍/L,2023,middle_high_school,중고등학생,geometric_mean,0.19
중금속,니켈,전혈,㎍/L,2023,middle_high_school,중고등학생,p95,0.378
중금속,니켈,전혈,㎍/L,2023,adult,성인,geometric_mean,2.39
중금속,니켈,전혈,㎍/L,2023,adult,성인,p95,5.22
중금속,니켈,요,㎍/L,2023,preschool,영유아,geometric_mean,3.33
중금속,니켈,요,㎍/L,2023,preschool,영유아,p95,8.61
중금속,니켈,요,㎍/L,2023,elementary,초등학생,geometric_mean,3.6
중금속,니켈,요,㎍/L,2023,elementary,초등학생,p95,11.0
중금속,니켈,요,㎍/L,2023,middle_high_school,중고등학생,geometric_mean,3.08
중금속,니켈,요,㎍/L,2023,middle_high_school,중고등학생,p95,7.77
중금속,니켈,요,㎍/L,2023,adult,성인,geometric_mean,2.45
중금속,니켈,요,㎍/L,2023,adult,성인,p95,6.58
중금속,니켈,요,㎍/g cr.,2023,preschool,영유아,geometric_mean,3.82
중금속,니켈,요,㎍/g cr.,2023,preschool,영유아,p95,7.68
중금속,니켈,요,㎍/g cr.,2023,elementary,초등학생,geometric_mean,2.94
중금속,니켈,요,㎍/g cr.,2023,elementary,초등학생,p95,8.99
중금속,니켈,요,㎍/g cr.,2023,middle_high_school,중고등학생,geometric_mean,1.81
중금속,니켈,요,㎍/g cr.,2023,middle_high_school,중고등학생,p95,4.36
중금속,니켈,요,㎍/g cr.,2023,adult,성인,geometric_mean,2.47
중금속,니켈,요,㎍/g cr.,2023,adult,성인,p95,6.51
중금속,안티모니,전혈,㎍/L,2023,middle_high_school,중고등학생,geometric_mean,0.465
중금속,안티모니,전혈,㎍/L,2023,middle_high_school,중고등학생,p95,0.64
중금속,안티모니,전혈,㎍/L,2023,adult,성인,geometric_mean,4.15
중금속,안티모니,전혈,㎍/L,2023,adult,성인,p95,6.09
중금속,안티모니,요,㎍/L,2023,preschool,영유아,geometric_mean,0.088
중금속,안티모니,요,㎍/L,2023,preschool,영유아,p95,0.247
중금속,안티모니,요,㎍/L,2023,elementary,초등학생,geometric_mean,0.0964
중금속,안티모니,요,㎍/L,2023,elementary,초등학생,p95,0.247
중금속,안티모니,요,㎍/L,2023,middle_high_school,중고등학생,geometric_mean,0.0949
중금속,안티모니,요,㎍/L,2023,middle_high_school,중고등학생,p95,0.224
중금속,안티모니,요,㎍/L,2023,adult,성인,geometric_mean,0.067
중금속,안티모니,요,㎍/L,2023,adult,성인,p95,0.215
중금속,안티모니,요,㎍/g cr.,2023,preschool,영유아,geometric_mean,0.0993
중금속,안티모니,요,㎍/g cr.,2023,preschool,영유아,p95,0.222
중금속,안티모니,요,㎍/g cr.,2023,elementary,초등학생,geometric_mean,0.0766
중금속,안티모니,요,㎍/g cr.,2023,elementary,초등학생,p95,0.201
중금속,안티모니,요,㎍/g cr.,2023,middle_high_school,중고등학생,geometric_mean,0.0555
중금속,안티모니,요,㎍/g cr.,2023,middle_high_school,중고등학생,p95,0.14
중금속,안티모니,요,㎍/g cr.,2023,adult,성인,geometric_mean,0.0649
중금속,안티모니,요,㎍/g cr.,2023,adult,성인,p95,0.233
중금속,바나듐,전혈,㎍/L,2023,middle_high_school,중고등학생,geometric_mean,0.0449
중금속,바나듐,전혈,㎍/L,2023,middle_high_school,중고등학생,p95,0.102
중금속,바나듐,전혈,㎍/L,2023,adult,성인,geometric_mean,0.444
중금속,바나듐,전혈,㎍/L,2023,adult,성인,p95,0.717
중금속,바나듐,요,㎍/L,2023,preschool,영유아,geometric_mean,0.209
중금속,바나듐,요,㎍/L,2023,preschool,영유아,p95,0.483
중금속,바나듐,요,㎍/L,2023,elementary,초등학생,geometric_mean,0.236
중금속,바나듐,요,㎍/L,2023,elementary,초등학생,p95,0.481
중금속,바나듐,요,㎍/L,2023,middle_high_school,중고등학생,geometric_mean,0.242
중금속,바나듐,요,㎍/L,2023,middle_high_school,중고등학생,p95,0.524
중금속,바나듐,요,㎍/L,2023,adult,성인,geometric_mean,0.187
중금속,바나듐,요,㎍/L,2023,adult,성인,p95,0.426
중금속,바나듐,요,㎍/g cr.,2023,preschool,영유아,geometric_mean,0.232
중금속,바나듐,요,㎍/g cr.,2023,preschool,영유아,p95,0.566
중금속,바나듐,요,㎍/g cr.,2023,elementary,초등학생,geometric_mean,0.188
중금속,바나듐,요,㎍/g cr.,2023,elementary,초등학생,p95,0.422
중금속,바나듐,요,㎍/g cr.,2023,middle_high_school,중고등학생,geometric_mean,0.146
중금속,바나듐,요,㎍/g cr.,2023,middle_high_school,중고등학생,p95,0.335
중금속,바나듐,요,㎍/g cr.,2023,adult,성인,geometric_mean,0.183
중금속,바나듐,요,㎍/g cr.,2023,adult,성인,p95,0.481
중금속,크로뮴,요,㎍/L,2023,preschool,영유아,geometric_mean,0.358
중금속,크로뮴,요,㎍/L,2023,preschool,영유아,p95,0.896
중금속,크로뮴,요,㎍/L,2023,elementary,초등학생,geometric_mean,0.271
중금속,크로뮴,요,㎍/L,2023,elementary,초등학생,p95,0.713
중금속,크로뮴,요,㎍/L,2023,middle_high_school,중고등학생,geometric_mean,0.3
중금속,크로뮴,요,㎍/L,2023,middle_high_school,중고등학생,p95,0.644
중금속,크로뮴,요,㎍/L,2023,adult,성인,geometric_mean,0.257
중금속,크로뮴,요,㎍/L,2023,adult,성인,p95,0.848
중금속,크로뮴,요,㎍/g cr.,2023,preschool,영유아,geometric_mean,0.407
중금속,크로뮴,요,㎍/g cr.,2023,preschool,영유아,p95,0.883
중금속,크로뮴,요,㎍/g cr.,2023,elementary,초등학생,geometric_mean,0.218
중금속,크로뮴,요,㎍/g cr.,2023,elementary,초등학생,p95,0.47
중금속,크로뮴,요,㎍/g cr.,2023,middle_high_school,중고등학생,geometric_mean,0.175
중금속,크로뮴,요,㎍/g cr.,2023,middle_high_school,중고등학생,p95,0.394
중금속,크로뮴,요,㎍/g cr.,2023,adult,성인,geometric_mean,0.252
중금속,크로뮴,요,㎍/g cr.,2023,adult,성인,p95,0.966
다환방향족 탄화수소 대사체,1-하이드록시피렌,요,㎍/L,2023,preschool,영유아,p95,0.353
다환방향족 탄화수소 대사체,1-하이드록시피렌,요,㎍/L,2023,elementary,초등학생,geometric_mean,0.0669
다환방향족 탄화수소 대사체,1-하이드록시피렌,요,㎍/L,2023,elementary,초등학생,p95,0.342
다환방향족 탄화수소 대사체,1-하이드록시피렌,요,㎍/L,2023,middle_high_school,중고등학생,geometric_mean,0.0734
다환방향족 탄화수소 대사체,1-하이드록시피렌,요,㎍/L,2023,middle_high_school,중고등학생,p95,0.336
다환방향족 탄화수소 대사체,1-하이드록시피렌,요,㎍/L,2023,adult,성인,geometric_mean,0.0648
다환방향족 탄화수소 대사체,1-하이드록시피렌,요,㎍/L,2023,adult,성인,p95,0.382
다환방향족 탄화수소 대사체,1-하이드록시피렌,요,㎍/g cr.,2023,preschool,영유아,p95,0.312
다환방향족 탄화수소 대사체,1-하이드록시피렌,요,㎍/g cr.,2023,elementary,초등학생,geometric_mean,0.0536
다환방향족 탄화수소 대사체,1-하이드록시피렌,요,㎍/g cr.,2023,elementary,초등학생,p95,0.239
다환방향족 탄화수소 대사체,1-하이드록시피렌,요,㎍/g cr.,2023,middle_high_school,중고등학생,geometric_mean,0.0428
다환방향족 탄화수소 대사체,1-하이드록시피렌,요,㎍/g cr.,2023,middle_high_school,중고등학생,p95,0.184
다환방향족 탄화수소 대사체,1-하이드록시피렌,요,㎍/g cr.,2023,adult,성인,geometric_mean,0.0637
다환방향족 탄화수소 대사체,1-하이드록시피렌,요,㎍/g cr.,2023,adult,성인,p95,0.315
다환방향족 탄화수소 대사체,2-나프톨,요,㎍/L,2023,preschool,영유아,geometric_mean,3.89
다환방향족 탄화수소 대사체,2-나프톨,요,㎍/L,2023,preschool,영유아,p95,32.5
다환방향족 탄화수소 대사체,2-나프톨,요,㎍/L,2023,elementary,초등학생,geometric_mean,3.25
다환방향족 탄화수소 대사체,2-나프톨,요,㎍/L,2023,elementary,초등학생,p95,23.9
다환방향족 탄화수소 대사체,2-나프톨,요,㎍/L,2023,middle_high_school,중고등학생,geometric_mean,4.23
다환방향족 탄화수소 대사체,2-나프톨,요,㎍/L,2023,middle_high_school,중고등학생,p95,27.6
다환방향족 탄화수소 대사체,2-나프톨,요,㎍/L,2023,adult,성인,geometric_mean,2.97
다환방향족 탄화수소 대사체,2-나프톨,요,㎍/L,2023,adult,성인,p95,24.5
다환방향족 탄화수소 대사체,2-나프톨,요,㎍/g cr.,2023,preschool,영유아,geometric_mean,4.52
다환방향족 탄화수소 대사체,2-나프톨,요,㎍/g cr.,2023,preschool,영유아,p95,39.9
다환방향족 탄화수소 대사체,2-나프톨,요,㎍/g cr.,2023,elementary,초등학생,geometric_mean,2.65
다환방향족 탄화수소 대사체,2-나프톨,요,㎍/g cr.,2023,elementary,초등학생,p95,19.2
다환방향족 탄화수소 대사체,2-나프톨,요,㎍/g cr.,2023,middle_high_school,중고등학생,geometric_mean,2.47
다환방향족 탄화수소 대사체,2-나프톨,요,㎍/g cr.,2023,middle_high_school,중고등학생,p95,14.0
다환방향족 탄화수소 대사체,2-나프톨,요,㎍/g cr.,2023,adult,성인,geometric_mean,2.97
다환방향족 탄화수소 대사체,2-나프톨,요,㎍/g cr.,2023,adult,성인,p95,18.9
다환방향족 탄화수소 대사체,1-하이드록시페난트렌,요,㎍/L,2023,preschool,영유아,p95,0.361
다환방향족 탄화수소 대사체,1-하이드록시페난트렌,요,㎍/L,2023,elementary,초등학생,geometric_mean,0.0623
다환방향족 탄화수소 대사체,1-하이드록시페난트렌,요,㎍/L,2023,elementary,초등학생,p95,0.381
다환방향족 탄화수소 대사체,1-하이드록시페난트렌,요,㎍/L,2023,middle_high_school,중고등학생,geometric_mean,0.074
다환방향족 탄화수소 대사체,1-하이드록시페난트렌,요,㎍/L,2023,middle_high_school,중고등학생,p95,0.38
다환방향족 탄화수소 대사체,1-하이드록시페난트렌,요,㎍/L,2023,adult,성인,geometric_mean,0.0693
다환방향족 탄화수소 대사체,1-하이드록시페난트렌,요,㎍/L,2023,adult,성인,p95,0.426
다환방향족 탄화수소 대사체,1-하이드록시페난트렌,요,㎍/g cr.,2023,preschool,영유아,p95,0.364
다환방향족 탄화수소 대사체,1-하이드록시페난트렌,요,㎍/g cr.,2023,elementary,초등학생,geometric_mean,0.0494
다환방향족 탄화수소 대사체,1-하이드록시페난트렌,요,㎍/g cr.,2023,elementary,초등학생,p95,0.332
다환방향족 탄화수소 대사체,1-하이드록시페난트렌,요,㎍/g cr.,2023,middle_high_school,중고등학생,geometric_mean,0.0432
다환방향족 탄화수소 대사체,1-하이드록시페난트렌,요,㎍/g cr.,2023,middle_high_school,중고등학생,p95,0.211
다환방향족 탄화수소 대사체,1-하이드록시페난트렌,요,㎍/g cr.,2023,adult,성인,geometric_mean,0.0678
다환방향족 탄화수소 대사체,1-하이드록시페난트렌,요,㎍/g cr.,2023,adult,성인,p95,0.359
다환방향족 탄화수소 대사체,2-하이드록시플루오렌,요,㎍/L,2023,preschool,영유아,geometric_mean,0.143
다환방향족 탄화수소 대사체,2-하이드록시플루오렌,요,㎍/L,2023,preschool,영유아,p95,0.47
다환방향족 탄화수소 대사체,2-하이드록시플루오렌,요,㎍/L,2023,elementary,초등학생,geometric_mean,0.136
다환방향족 탄화수소 대사체,2-하이드록시플루오렌,요,㎍/L,2023,elementary,초등학생,p95,0.601
다환방향족 탄화수소 대사체,2-하이드록시플루오렌,요,㎍/L,2023,middle_high_school,중고등학생,geometric_mean,0.18
다환방향족 탄화수소 대사체,2-하이드록시플루오렌,요,㎍/L,2023,middle_high_school,중고등학생,p95,0.64
다환방향족 탄화수소 대사체,2-하이드록시플루오렌,요,㎍/L,2023,adult,성인,geometric_mean,0.175
다환방향족 탄화수소 대사체,2-하이드록시플루오렌,요,㎍/L,2023,adult,성인,p95,1.5
다환방향족 탄화수소 대사체,2-하이드록시플루오렌,요,㎍/g cr.,2023,preschool,영유아,geometric_mean,0.161
다환방향족 탄화수소 대사체,2-하이드록시플루오렌,요,㎍/g cr.,2023,preschool,영유아,p95,0.533
다환방향족 탄화수소 대사체,2-하이드록시플루오렌,요,㎍/g cr.,2023,elementary,초등학생,geometric_mean,0.11
다환방향족 탄화수소 대사체,2-하이드록시플루오렌,요,㎍/g cr.,2023,elementary,초등학생,p95,0.441
다환방향족 탄화수소 대사체,2-하이드록시플루오렌,요,㎍/g cr.,2023,middle_high_school,중고등학생,geometric_mean,0.104
다환방향족 탄화수소 대사체,2-하이드록시플루오렌,요,㎍/g cr.,2023,middle_high_school,중고등학생,p95,0.356
다환방향족 탄화수소 대사체,2-하이드록시플루오렌,요,㎍/g cr.,2023,adult,성인,geometric_mean,0.173
다환방향족 탄화수소 대사체,2-하이드록시플루오렌,요,㎍/g cr.,2023,adult,성인,p95,1.17
환경성 페놀류,비스페놀 A,요,㎍/L,2023,preschool,영유아,geometric_mean,0.839
환경성 페놀류,비스페놀 A,요,㎍/L,2023,preschool,영유아,p95,4.05
환경성 페놀류,비스페놀 A,요,㎍/L,2023,elementary,초등학생,geometric_mean,1.16
환경성 페놀류,비스페놀 A,요,㎍/L,2023,elementary,초등학생,p95,4.53
환경성 페놀류,비스페놀 A,요,㎍/L,2023,middle_high_school,중고등학생,geometric_mean,1.47
환경성 페놀류,비스페놀 A,요,㎍/L,2023,middle_high_school,중고등학생,p95,7.79
환경성 페놀류,비스페놀 A,요,㎍/L,2023,adult,성인,geometric_mean,0.722
환경성 페놀류,비스페놀 A,요,㎍/L,2023,adult,성인,p95,4.11
환경성 페놀류,비스페놀 A,요,㎍/g cr.,2023,preschool,영유아,geometric_mean,0.975
환경성 페놀류,비스페놀 A,요,㎍/g cr.,2023,preschool,영유아,p95,4.06
환경성 페놀류,비스페놀 A,요,㎍/g cr.,2023,elementary,초등학생,geometric_mean,0.935
환경성 페놀류,비스페놀 A,요,㎍/g cr.,2023,elementary,초등학생,p95,3.63
환경성 페놀류,비스페놀 A,요,㎍/g cr.,2023,middle_high_school,중고등학생,geometric_mean,0.829
환경성 페놀류,비스페놀 A,요,㎍/g cr.,2023,middle_high_school,중고등학생,p95,4.55
환경성 페놀류,비스페놀 A,요,㎍/g cr.,2023,adult,성인,geometric_mean,0.713
환경성 페놀류,비스페놀 A,요,㎍/g cr.,2023,adult,성인,p95,4.18
환경성 페놀류,비스페놀 F,요,㎍/L,2023,preschool,영유아,geometric_mean,0.19
환경성 페놀류,비스페놀 F,요,㎍/L,2023,preschool,영유아,p95,1.46
환경성 페놀류,비스페놀 F,요,㎍/L,2023,elementary,초등학생,geometric_mean,0.249
환경성 페놀류,비스페놀 F,요,㎍/L,2023,elementary,초등학생,p95,1.68
환경성 페놀류,비스페놀 F,요,㎍/L,2023,middle_high_school,중고등학생,geometric_mean,0.259
환경성 페놀류,비스페놀 F,요,㎍/L,2023,middle_high_school,중고등학생,p95,3.22
환경성 페놀류,비스페놀 F,요,㎍/L,2023,adult,성인,geometric_mean,0.224
환경성 페놀류,비스페놀 F,요,㎍/L,2023,adult,성인,p95,1.63
환경성 페놀류,비스페놀 F,요,㎍/g cr.,2023,preschool,영유아,geometric_mean,0.201
환경성 페놀류,비스페놀 F,요,㎍/g cr.,2023,preschool,영유아,p95,1.64
환경성 페놀류,비스페놀 F,요,㎍/g cr.,2023,elementary,초등학생,geometric_mean,0.197
환경성 페놀류,비스페놀 F,요,㎍/g cr.,2023,elementary,초등학생,p95,1.3
환경성 페놀류,비스페놀 F,요,㎍/g cr.,2023,middle_high_school,중고등학생,geometric_mean,0.157
환경성 페놀류,비스페놀 F,요,㎍/g cr.,2023,middle_high_school,중고등학생,p95,2.19
환경성 페놀류,비스페놀 F,요,㎍/g cr.,2023,adult,성인,geometric_mean,0.214
환경성 페놀류,비스페놀 F,요,㎍/g cr.,2023,adult,성인,p95,1.7
환경성 페놀류,비스페놀 S,요,㎍/L,2023,preschool,영유아,geometric_mean,0.504
환경성 페놀류,비스페놀 S,요,㎍/L,2023,preschool,영유아,p95,4.22
환경성 페놀류,비스페놀 S,요,㎍/L,2023,elementary,초등학생,geometric_mean,0.324
환경성 페놀류,비스페놀 S,요,㎍/L,2023,elementary,초등학생,p95,2.9
환경성 페놀류,비스페놀 S,요,㎍/L,2023,middle_high_school,중고등학생,geometric_mean,0.372
환경성 페놀류,비스페놀 S,요,㎍/L,2023,middle_high_school,중고등학생,p95,3.68
환경성 페놀류,비스페놀 S,요,㎍/L,2023,adult,성인,geometric_mean,0.323
환경성 페놀류,비스페놀 S,요,㎍/L,2023,adult,성인,p95,3.02
환경성 페놀류,비스페놀 S,요,㎍/g cr.,2023,preschool,영유아,geometric_mean,0.581
환경성 페놀류,비스페놀 S,요,㎍/g cr.,2023,preschool,영유아,p95,4.03
환경성 페놀류,비스페놀 S,요,㎍/g cr.,2023,elementary,초등학생,geometric_mean,0.263
환경성 페놀류,비스페놀 S,요,㎍/g cr.,2023,elementary,초등학생,p95,2.26
환경성 페놀류,비스페놀 S,요,㎍/g cr.,2023,middle_high_school,중고등학생,geometric_mean,0.219
환경성 페놀류,비스페놀 S,요,㎍/g cr.,2023,middle_high_school,중고등학생,p95,2.31
환경성 페놀류,비스페놀 S,요,㎍/g cr.,2023,adult,성인,geometric_mean,0.327
환경성 페놀류,비스페놀 S,요,㎍/g cr.,2023,adult,성인,p95,2.67
환경성 페놀류,메틸파라벤,요,㎍/L,2023,preschool,영유아,geometric_mean,54.9
환경성 페놀류,메틸파라벤,요,㎍/L,2023,preschool,영유아,p95,4704.0
환경성 페놀류,메틸파라벤,요,㎍/L,2023,elementary,초등학생,geometric_mean,8.7
환경성 페놀류,메틸파라벤,요,㎍/L,2023,elementary,초등학생,p95,457.0
환경성 페놀류,메틸파라벤,요,㎍/L,2023,middle_high_school,중고등학생,geometric_mean,12.5
환경성 페놀류,메틸파라벤,요,㎍/L,2023,middle_high_school,중고등학생,p95,143.0
환경성 페놀류,메틸파라벤,요,㎍/L,2023,adult,성인,geometric_mean,10.3
환경성 페놀류,메틸파라벤,요,㎍/L,2023,adult,성인,p95,189.0
환경성 페놀류,메틸파라벤,요,㎍/g cr.,2023,preschool,영유아,geometric_mean,61.3
환경성 페놀류,메틸파라벤,요,㎍/g cr.,2023,preschool,영유아,p95,5041.0
환경성 페놀류,메틸파라벤,요,㎍/g cr.,2023,elementary,초등학생,geometric_mean,7.02
환경성 페놀류,메틸파라벤,요,㎍/g cr.,2023,elementary,초등학생,p95,365.0
환경성 페놀류,메틸파라벤,요,㎍/g cr.,2023,middle_high_school,중고등학생,geometric_mean,7.67
환경성 페놀류,메틸파라벤,요,㎍/g cr.,2023,middle_high_school,중고등학생,p95,89.3
환경성 페놀류,메틸파라벤,요,㎍/g cr.,2023,adult,성인,geometric_mean,10.6
환경성 페놀류,메틸파라벤,요,㎍/g cr.,2023,adult,성인,p95,211.0
환경성 페놀류,에틸파라벤,요,㎍/L,2023,preschool,영유아,geometric_mean,22.1
환경성 페놀류,에틸파라벤,요,㎍/L,2023,preschool,영유아,p95,723.0
환경성 페놀류,에틸파라벤,요,㎍/L,2023,elementary,초등학생,geometric_mean,19.2
환경성 페놀류,에틸파라벤,요,㎍/L,2023,elementary,초등학생,p95,537.0
환경성 페놀류,에틸파라벤,요,㎍/L,2023,middle_high_school,중고등학생,geometric_mean,36.3
환경성 페놀류,에틸파라벤,요,㎍/L,2023,middle_high_school,중고등학생,p95,789.0
환경성 페놀류,에틸파라벤,요,㎍/L,2023,adult,성인,geometric_mean,33.6
환경성 페놀류,에틸파라벤,요,㎍/L,2023,adult,성인,p95,721.0
환경성 페놀류,에틸파라벤,요,㎍/g cr.,2023,preschool,영유아,geometric_mean,24.7
환경성 페놀류,에틸파라벤,요,㎍/g cr.,2023,preschool,영유아,p95,758.0
환경성 페놀류,에틸파라벤,요,㎍/g cr.,2023,elementary,초등학생,geometric_mean,15.7
환경성 페놀류,에틸파라벤,요,㎍/g cr.,2023,elementary,초등학생,p95,366.0
환경성 페놀류,에틸파라벤,요,㎍/g cr.,2023,middle_high_school,중고등학생,geometric_mean,22.8
환경성 페놀류,에틸파라벤,요,㎍/g cr.,2023,middle_high_school,중고등학생,p95,402.0
환경성 페놀류,에틸파라벤,요,㎍/g cr.,2023,adult,성인,geometric_mean,34.1
환경성 페놀류,에틸파라벤,요,㎍/g cr.,2023,adult,성인,p95,592.0
환경성 페놀류,프로필파라벤,요,㎍/L,2023,preschool,영유아,geometric_mean,2.0
환경성 페놀류,프로필파라벤,요,㎍/L,2023,preschool,영유아,p95,509.0
환경성 페놀류,프로필파라벤,요,㎍/L,2023,elementary,초등학생,geometric_mean,0.452
환경성 페놀류,프로필파라벤,요,㎍/L,2023,elementary,초등학생,p95,41.7
환경성 페놀류,프로필파라벤,요,㎍/L,2023,middle_high_school,중고등학생,geometric_mean,0.317
환경성 페놀류,프로필파라벤,요,㎍/L,2023,middle_high_school,중고등학생,p95,17.3
환경성 페놀류,프로필파라벤,요,㎍/L,2023,adult,성인,geometric_mean,0.402
환경성 페놀류,프로필파라벤,요,㎍/L,2023,adult,성인,p95,27.3
환경성 페놀류,프로필파라벤,요,㎍/g cr.,2023,preschool,영유아,geometric_mean,2.25
환경성 페놀류,프로필파라벤,요,㎍/g cr.,2023,preschool,영유아,p95,624.0
환경성 페놀류,프로필파라벤,요,㎍/g cr.,2023,elementary,초등학생,geometric_mean,0.36
환경성 페놀류,프로필파라벤,요,㎍/g cr.,2023,elementary,초등학생,p95,34.2
환경성 페놀류,프로필파라벤,요,㎍/g cr.,2023,middle_high_school,중고등학생,geometric_mean,0.193
환경성 페놀류,프로필파라벤,요,㎍/g cr.,2023,middle_high_school,중고등학생,p95,11.9
환경성 페놀류,프로필파라벤,요,㎍/g cr.,2023,adult,성인,geometric_mean,0.397
환경성 페놀류,프로필파라벤,요,㎍/g cr.,2023,adult,성인,p95,33.1
환경성 페놀류,부틸파라벤,요,㎍/L,2023,preschool,영유아,geometric_mean,0.669
환경성 페놀류,부틸파라벤,요,㎍/L,2023,preschool,영유아,p95,3.48
환경성 페놀류,부틸파라벤,요,㎍/L,2023,elementary,초등학생,geometric_mean,0.319
환경성 페놀류,부틸파라벤,요,㎍/L,2023,elementary,초등학생,p95,0.679
환경성 페놀류,부틸파라벤,요,㎍/L,2023,middle_high_school,중고등학생,p95,2.39
환경성 페놀류,부틸파라벤,요,㎍/L,2023,adult,성인,geometric_mean,0.411
환경성 페놀류,부틸파라벤,요,㎍/L,2023,adult,성인,p95,2.95
환경성 페놀류,부틸파라벤,요,㎍/g cr.,2023,preschool,영유아,geometric_mean,0.705
환경성 페놀류,부틸파라벤,요,㎍/g cr.,2023,preschool,영유아,p95,4.08
환경성 페놀류,부틸파라벤,요,㎍/g cr.,2023,elementary,초등학생,geometric_mean,0.251
환경성 페놀류,부틸파라벤,요,㎍/g cr.,2023,elementary,초등학생,p95,0.718
환경성 페놀류,부틸파라벤,요,㎍/g cr.,2023,middle_high_school,중고등학생,p95,2.72
환경성 페놀류,부틸파라벤,요,㎍/g cr.,2023,adult,성인,geometric_mean,0.388
환경성 페놀류,부틸파라벤,요,㎍/g cr.,2023,adult,성인,p95,3.84
환경성 페놀류,벤조페논-3,요,㎍/L,2023,preschool,영유아,geometric_mean,0.512
환경성 페놀류,벤조페논-3,요,㎍/L,2023,preschool,영유아,p95,5.84
환경성 페놀류,벤조페논-3,요,㎍/L,2023,elementary,초등학생,geometric_mean,0.486
환경성 페놀류,벤조페논-3,요,㎍/L,2023,elementary,초등학생,p95,4.65
환경성 페놀류,벤조페논-3,요,㎍/L,2023,middle_high_school,중고등학생,geometric_mean,0.593
환경성 페놀류,벤조페논-3,요,㎍/L,2023,middle_high_school,중고등학생,p95,6.89
환경성 페놀류,벤조페논-3,요,㎍/L,2023,adult,성인,geometric_mean,0.42
환경성 페놀류,벤조페논-3,요,㎍/L,2023,adult,성인,p95,7.71
환경성 페놀류,벤조페논-3,요,㎍/g cr.,2023,preschool,영유아,geometric_mean,0.57
환경성 페놀류,벤조페논-3,요,㎍/g cr.,2023,preschool,영유아,p95,6.29
환경성 페놀류,벤조페논-3,요,㎍/g cr.,2023,elementary,초등학생,geometric_mean,0.389
환경성 페놀류,벤조페논-3,요,㎍/g cr.,2023,elementary,초등학생,p95,3.41
환경성 페놀류,벤조페논-3,요,㎍/g cr.,2023,middle_high_school,중고등학생,geometric_mean,0.344
환경성 페놀류,벤조페논-3,요,㎍/g cr.,2023,middle_high_school,중고등학생,p95,3.78
환경성 페놀류,벤조페논-3,요,㎍/g cr.,2023,adult,성인,geometric_mean,0.412
환경성 페놀류,벤조페논-3,요,㎍/g cr.,2023,adult,성인,p95,7.76
환경성 페놀류,트리클로산,요,㎍/L,2023,preschool,영유아,geometric_mean,0.36
환경성 페놀류,트리클로산,요,㎍/L,2023,preschool,영유아,p95,4.95
환경성 페놀류,트리클로산,요,㎍/L,2023,elementary,초등학생,geometric_mean,0.279
환경성 페놀류,트리클로산,요,㎍/L,2023,elementary,초등학생,p95,2.41
환경성 페놀류,트리클로산,요,㎍/L,2023,middle_high_school,중고등학생,geometric_mean,0.24
환경성 페놀류,트리클로산,요,㎍/L,2023,middle_high_school,중고등학생,p95,1.9
환경성 페놀류,트리클로산,요,㎍/L,2023,adult,성인,geometric_mean,0.134
환경성 페놀류,트리클로산,요,㎍/L,2023,adult,성인,p95,1.14
환경성 페놀류,트리클로산,요,㎍/g cr.,2023,preschool,영유아,geometric_mean,0.415
환경성 페놀류,트리클로산,요,㎍/g cr.,2023,preschool,영유아,p95,5.33
환경성 페놀류,트리클로산,요,㎍/g cr.,2023,elementary,초등학생,geometric_mean,0.226
환경성 페놀류,트리클로산,요,㎍/g cr.,2023,elementary,초등학생,p95,2.39
환경성 페놀류,트리클로산,요,㎍/g cr.,2023,middle_high_school,중고등학생,geometric_mean,0.134
환경성 페놀류,트리클로산,요,㎍/g cr.,2023,middle_high_school,중고등학생,p95,0.657
환경성 페놀류,트리클로산,요,㎍/g cr.,2023,adult,성인,geometric_mean,0.132
환경성 페놀류,트리클로산,요,㎍/g cr.,2023,adult,성인,p95,0.972
프탈레이트 대사체,모노(2-에틸-5-하이드록시헥실)프탈레이트(MEHHP),요,㎍/L,2023,preschool,영유아,geometric_mean,16.8
프탈레이트 대사체,모노(2-에틸-5-하이드록시헥실)프탈레이트(MEHHP),요,㎍/L,2023,preschool,영유아,p95,70.1
프탈레이트 대사체,모노(2-에틸-5-하이드록시헥실)프탈레이트(MEHHP),요,㎍/L,2023,elementary,초등학생,geometric_mean,17.0
프탈레이트 대사체,모노(2-에틸-5-하이드록시헥실)프탈레이트(MEHHP),요,㎍/L,2023,elementary,초등학생,p95,63.1
프탈레이트 대사체,모노(2-에틸-5-하이드록시헥실)프탈레이트(MEHHP),요,㎍/L,2023,middle_high_school,중고등학생,geometric_mean,10.3
프탈레이트 대사체,모노(2-에틸-5-하이드록시헥실)프탈레이트(MEHHP),요,㎍/L,2023,middle_high_school,중고등학생,p95,41.8
프탈레이트 대사체,모노(2-에틸-5-하이드록시헥실)프탈레이트(MEHHP),요,㎍/L,2023,adult,성인,geometric_mean,8.04
프탈레이트 대사체,모노(2-에틸-5-하이드록시헥실)프탈레이트(MEHHP),요,㎍/L,2023,adult,성인,p95,32.6
프탈레이트 대사체,모노(2-에틸-5-하이드록시헥실)프탈레이트(MEHHP),요,㎍/g cr.,2023,preschool,영유아,geometric_mean,19.4
프탈레이트 대사체,모노(2-에틸-5-하이드록시헥실)프탈레이트(MEHHP),요,㎍/g cr.,2023,preschool,영유아,p95,61.4
프탈레이트 대사체,모노(2-에틸-5-하이드록시헥실)프탈레이트(MEHHP),요,㎍/g cr.,2023,elementary,초등학생,geometric_mean,14.0
프탈레이트 대사체,모노(2-에틸-5-하이드록시헥실)프탈레이트(MEHHP),요,㎍/g cr.,2023,elementary,초등학생,p95,47.6
프탈레이트 대사체,모노(2-에틸-5-하이드록시헥실)프탈레이트(MEHHP),요,㎍/g cr.,2023,middle_high_school,중고등학생,geometric_mean,5.97
프탈레이트 대사체,모노(2-에틸-5-하이드록시헥실)프탈레이트(MEHHP),요,㎍/g cr.,2023,middle_high_school,중고등학생,p95,19.3
프탈레이트 대사체,모노(2-에틸-5-하이드록시헥실)프탈레이트(MEHHP),요,㎍/g cr.,2023,adult,성인,geometric_mean,8.23
프탈레이트 대사체,모노(2-에틸-5-하이드록시헥실)프탈레이트(MEHHP),요,㎍/g cr.,2023,adult,성인,p95,26.4
프탈레이트 대사체,모노(2-에틸-5-옥소헥실)프탈레이트 (MEOHP),요,㎍/L,2023,preschool,영유아,geometric_mean,11.5
프탈레이트 대사체,모노(2-에틸-5-옥소헥실)프탈레이트 (MEOHP),요,㎍/L,2023,preschool,영유아,p95,49.5
프탈레이트 대사체,모노(2-에틸-5-옥소헥실)프탈레이트 (MEOHP),요,㎍/L,2023,elementary,초등학생,geometric_mean,11.3
프탈레이트 대사체,모노(2-에틸-5-옥소헥실)프탈레이트 (MEOHP),요,㎍/L,2023,elementary,초등학생,p95,43.5
프탈레이트 대사체,모노(2-에틸-5-옥소헥실)프탈레이트 (MEOHP),요,㎍/L,2023,middle_high_school,중고등학생,geometric_mean,6.55
프탈레이트 대사체,모노(2-에틸-5-옥소헥실)프탈레이트 (MEOHP),요,㎍/L,2023,middle_high_school,중고등학생,p95,25.2
프탈레이트 대사체,모노(2-에틸-5-옥소헥실)프탈레이트 (MEOHP),요,㎍/L,2023,adult,성인,geometric_mean,4.65
프탈레이트 대사체,모노(2-에틸-5-옥소헥실)프탈레이트 (MEOHP),요,㎍/L,2023,adult,성인,p95,18.4
프탈레이트 대사체,모노(2-에틸-5-옥소헥실)프탈레이트 (MEOHP),요,㎍/g cr.,2023,preschool,영유아,geometric_mean,13.3
프탈레이트 대사체,모노(2-에틸-5-옥소헥실)프탈레이트 (MEOHP),요,㎍/g cr.,2023,preschool,영유아,p95,46.1
프탈레이트 대사체,모노(2-에틸-5-옥소헥실)프탈레이트 (MEOHP),요,㎍/g cr.,2023,elementary,초등학생,geometric_mean,9.22
프탈레이트 대사체,모노(2-에틸-5-옥소헥실)프탈레이트 (MEOHP),요,㎍/g cr.,2023,elementary,초등학생,p95,31.5
프탈레이트 대사체,모노(2-에틸-5-옥소헥실)프탈레이트 (MEOHP),요,㎍/g cr.,2023,middle_high_school,중고등학생,geometric_mean,3.81
프탈레이트 대사체,모노(2-에틸-5-옥소헥실)프탈레이트 (MEOHP),요,㎍/g cr.,2023,middle_high_school,중고등학생,p95,14.1
프탈레이트 대사체,모노(2-에틸-5-옥소헥실)프탈레이트 (MEOHP),요,㎍/g cr.,2023,adult,성인,geometric_mean,4.74
프탈레이트 대사체,모노(2-에틸-5-옥소헥실)프탈레이트 (MEOHP),요,㎍/g cr.,2023,adult,성인,p95,15.3
프탈레이트 대사체,모노(2-에틸-5-카르복시펜틸)프탈레이트 (MECPP),요,㎍/L,2023,preschool,영유아,geometric_mean,26.5
프탈레이트 대사체,모노(2-에틸-5-카르복시펜틸)프탈레이트 (MECPP),요,㎍/L,2023,preschool,영유아,p95,118.0
프탈레이트 대사체,모노(2-에틸-5-카르복시펜틸)프탈레이트 (MECPP),요,㎍/L,2023,elementary,초등학생,geometric_mean,26.8
프탈레이트 대사체,모노(2-에틸-5-카르복시펜틸)프탈레이트 (MECPP),요,㎍/L,2023,elementary,초등학생,p95,99.2
프탈레이트 대사체,모노(2-에틸-5-카르복시펜틸)프탈레이트 (MECPP),요,㎍/L,2023,middle_high_school,중고등학생,geometric_mean,16.1
프탈레이트 대사체,모노(2-에틸-5-카르복시펜틸)프탈레이트 (MECPP),요,㎍/L,2023,middle_high_school,중고등학생,p95,64.5
프탈레이트 대사체,모노(2-에틸-5-카르복시펜틸)프탈레이트 (MECPP),요,㎍/L,2023,adult,성인,geometric_mean,10.9
프탈레이트 대사체,모노(2-에틸-5-카르복시펜틸)프탈레이트 (MECPP),요,㎍/L,2023,adult,성인,p95,43.2
프탈레이트 대사체,모노(2-에틸-5-카르복시펜틸)프탈레이트 (MECPP),요,㎍/g cr.,2023,preschool,영유아,geometric_mean,30.5
프탈레이트 대사체,모노(2-에틸-5-카르복시펜틸)프탈레이트 (MECPP),요,㎍/g cr.,2023,preschool,영유아,p95,106.0
프탈레이트 대사체,모노(2-에틸-5-카르복시펜틸)프탈레이트 (MECPP),요,㎍/g cr.,2023,elementary,초등학생,geometric_mean,21.9
프탈레이트 대사체,모노(2-에틸-5-카르복시펜틸)프탈레이트 (MECPP),요,㎍/g cr.,2023,elementary,초등학생,p95,78.0
프탈레이트 대사체,모노(2-에틸-5-카르복시펜틸)프탈레이트 (MECPP),요,㎍/g cr.,2023,middle_high_school,중고등학생,geometric_mean,9.33
프탈레이트 대사체,모노(2-에틸-5-카르복시펜틸)프탈레이트 (MECPP),요,㎍/g cr.,2023,middle_high_school,중고등학생,p95,31.8
프탈레이트 대사체,모노(2-에틸-5-카르복시펜틸)프탈레이트 (MECPP),요,㎍/g cr.,2023,adult,성인,geometric_mean,11.1
프탈레이트 대사체,모노(2-에틸-5-카르복시펜틸)프탈레이트 (MECPP),요,㎍/g cr.,2023,adult,성인,p95,35.3
프탈레이트 대사체,모노벤질프탈레이트 (MBzP),요,㎍/L,2023,preschool,영유아,geometric_mean,0.803
프탈레이트 대사체,모노벤질프탈레이트 (MBzP),요,㎍/L,2023,preschool,영유아,p95,7.92
프탈레이트 대사체,모노벤질프탈레이트 (MBzP),요,㎍/L,2023,elementary,초등학생,geometric_mean,1.02
프탈레이트 대사체,모노벤질프탈레이트 (MBzP),요,㎍/L,2023,elementary,초등학생,p95,8.01
프탈레이트 대사체,모노벤질프탈레이트 (MBzP),요,㎍/L,2023,middle_high_school,중고등학생,geometric_mean,0.927
프탈레이트 대사체,모노벤질프탈레이트 (MBzP),요,㎍/L,2023,middle_high_school,중고등학생,p95,11.1
프탈레이트 대사체,모노벤질프탈레이트 (MBzP),요,㎍/L,2023,adult,성인,geometric_mean,0.826
프탈레이트 대사체,모노벤질프탈레이트 (MBzP),요,㎍/L,2023,adult,성인,p95,6.47
프탈레이트 대사체,모노벤질프탈레이트 (MBzP),요,㎍/g cr.,2023,preschool,영유아,geometric_mean,0.926
프탈레이트 대사체,모노벤질프탈레이트 (MBzP),요,㎍/g cr.,2023,preschool,영유아,p95,7.47
프탈레이트 대사체,모노벤질프탈레이트 (MBzP),요,㎍/g cr.,2023,elementary,초등학생,geometric_mean,0.833
프탈레이트 대사체,모노벤질프탈레이트 (MBzP),요,㎍/g cr.,2023,elementary,초등학생,p95,5.78
프탈레이트 대사체,모노벤질프탈레이트 (MBzP),요,㎍/g cr.,2023,middle_high_school,중고등학생,geometric_mean,0.513
프탈레이트 대사체,모노벤질프탈레이트 (MBzP),요,㎍/g cr.,2023,middle_high_school,중고등학생,p95,5.18
프탈레이트 대사체,모노벤질프탈레이트 (MBzP),요,㎍/g cr.,2023,adult,성인,geometric_mean,0.813
프탈레이트 대사체,모노벤질프탈레이트 (MBzP),요,㎍/g cr.,2023,adult,성인,p95,5.21
프탈레이트 대사체,모노부틸프탈레이트 (MnBP),요,㎍/L,2023,preschool,영유아,geometric_mean,47.7
프탈레이트 대사체,모노부틸프탈레이트 (MnBP),요,㎍/L,2023,preschool,영유아,p95,155.0
프탈레이트 대사체,모노부틸프탈레이트 (MnBP),요,㎍/L,2023,elementary,초등학생,geometric_mean,40.6
프탈레이트 대사체,모노부틸프탈레이트 (MnBP),요,㎍/L,2023,elementary,초등학생,p95,168.0
프탈레이트 대사체,모노부틸프탈레이트 (MnBP),요,㎍/L,2023,middle_high_school,중고등학생,geometric_mean,38.1
프탈레이트 대사체,모노부틸프탈레이트 (MnBP),요,㎍/L,2023,middle_high_school,중고등학생,p95,155.0
프탈레이트 대사체,모노부틸프탈레이트 (MnBP),요,㎍/L,2023,adult,성인,geometric_mean,24.2
프탈레이트 대사체,모노부틸프탈레이트 (MnBP),요,㎍/L,2023,adult,성인,p95,105.0
프탈레이트 대사체,모노부틸프탈레이트 (MnBP),요,㎍/g cr.,2023,preschool,영유아,geometric_mean,55.2
프탈레이트 대사체,모노부틸프탈레이트 (MnBP),요,㎍/g cr.,2023,preschool,영유아,p95,152.0
프탈레이트 대사체,모노부틸프탈레이트 (MnBP),요,㎍/g cr.,2023,elementary,초등학생,geometric_mean,33.1
프탈레이트 대사체,모노부틸프탈레이트 (MnBP),요,㎍/g cr.,2023,elementary,초등학생,p95,108.0
프탈레이트 대사체,모노부틸프탈레이트 (MnBP),요,㎍/g cr.,2023,middle_high_school,중고등학생,geometric_mean,21.8
프탈레이트 대사체,모노부틸프탈레이트 (MnBP),요,㎍/g cr.,2023,middle_high_school,중고등학생,p95,70.2
프탈레이트 대사체,모노부틸프탈레이트 (MnBP),요,㎍/g cr.,2023,adult,성인,geometric_mean,24.5
프탈레이트 대사체,모노부틸프탈레이트 (MnBP),요,㎍/g cr.,2023,adult,성인,p95,85.6
프탈레이트 대사체,모노(3-카르복시프로필)프탈레이트(MCPP),요,㎍/L,2023,preschool,영유아,geometric_mean,1.42
프탈레이트 대사체,모노(3-카르복시프로필)프탈레이트(MCPP),요,㎍/L,2023,preschool,영유아,p95,5.31
프탈레이트 대사체,모노(3-카르복시프로필)프탈레이트(MCPP),요,㎍/L,2023,elementary,초등학생,geometric_mean,1.0
프탈레이트 대사체,모노(3-카르복시프로필)프탈레이트(MCPP),요,㎍/L,2023,elementary,초등학생,p95,3.41
프탈레이트 대사체,모노(3-카르복시프로필)프탈레이트(MCPP),요,㎍/L,2023,middle_high_school,중고등학생,geometric_mean,0.744
프탈레이트 대사체,모노(3-카르복시프로필)프탈레이트(MCPP),요,㎍/L,2023,middle_high_school,중고등학생,p95,2.52
프탈레이트 대사체,모노(3-카르복시프로필)프탈레이트(MCPP),요,㎍/L,2023,adult,성인,geometric_mean,0.41
프탈레이트 대사체,모노(3-카르복시프로필)프탈레이트(MCPP),요,㎍/L,2023,adult,성인,p95,1.64
프탈레이트 대사체,모노(3-카르복시프로필)프탈레이트(MCPP),요,㎍/g cr.,2023,preschool,영유아,geometric_mean,1.62
프탈레이트 대사체,모노(3-카르복시프로필)프탈레이트(MCPP),요,㎍/g cr.,2023,preschool,영유아,p95,5.22
프탈레이트 대사체,모노(3-카르복시프로필)프탈레이트(MCPP),요,㎍/g cr.,2023,elementary,초등학생,geometric_mean,0.814
프탈레이트 대사체,모노(3-카르복시프로필)프탈레이트(MCPP),요,㎍/g cr.,2023,elementary,초등학생,p95,2.46
프탈레이트 대사체,모노(3-카르복시프로필)프탈레이트(MCPP),요,㎍/g cr.,2023,middle_high_school,중고등학생,geometric_mean,0.43
프탈레이트 대사체,모노(3-카르복시프로필)프탈레이트(MCPP),요,㎍/g cr.,2023,middle_high_school,중고등학생,p95,1.25
프탈레이트 대사체,모노(3-카르복시프로필)프탈레이트(MCPP),요,㎍/g cr.,2023,adult,성인,geometric_mean,0.414
프탈레이트 대사체,모노(3-카르복시프로필)프탈레이트(MCPP),요,㎍/g cr.,2023,adult,성인,p95,1.37
프탈레이트 대사체,모노 메틸 프탈레이트(MMP),요,㎍/L,2023,preschool,영유아,geometric_mean,9.13
프탈레이트 대사체,모노 메틸 프탈레이트(MMP),요,㎍/L,2023,preschool,영유아,p95,45.8
프탈레이트 대사체,모노 메틸 프탈레이트(MMP),요,㎍/L,2023,elementary,초등학생,geometric_mean,5.54
프탈레이트 대사체,모노 메틸 프탈레이트(MMP),요,㎍/L,2023,elementary,초등학생,p95,18.2
프탈레이트 대사체,모노 메틸 프탈레이트(MMP),요,㎍/L,2023,middle_high_school,중고등학생,geometric_mean,4.93
프탈레이트 대사체,모노 메틸 프탈레이트(MMP),요,㎍/L,2023,middle_high_school,중고등학생,p95,15.9
프탈레이트 대사체,모노 메틸 프탈레이트(MMP),요,㎍/L,2023,adult,성인,geometric_mean,3.56
프탈레이트 대사체,모노 메틸 프탈레이트(MMP),요,㎍/L,2023,adult,성인,p95,13.2
프탈레이트 대사체,모노 메틸 프탈레이트(MMP),요,㎍/g cr.,2023,preschool,영유아,geometric_mean,10.4
프탈레이트 대사체,모노 메틸 프탈레이트(MMP),요,㎍/g cr.,2023,preschool,영유아,p95,49.1
프탈레이트 대사체,모노 메틸 프탈레이트(MMP),요,㎍/g cr.,2023,elementary,초등학생,geometric_mean,4.49
프탈레이트 대사체,모노 메틸 프탈레이트(MMP),요,㎍/g cr.,2023,elementary,초등학생,p95,13.7
프탈레이트 대사체,모노 메틸 프탈레이트(MMP),요,㎍/g cr.,2023,middle_high_school,중고등학생,geometric_mean,2.88
프탈레이트 대사체,모노 메틸 프탈레이트(MMP),요,㎍/g cr.,2023,middle_high_school,중고등학생,p95,8.97
프탈레이트 대사체,모노 메틸 프탈레이트(MMP),요,㎍/g cr.,2023,adult,성인,geometric_mean,3.56
프탈레이트 대사체,모노 메틸 프탈레이트(MMP),요,㎍/g cr.,2023,adult,성인,p95,11.6
프탈레이트 대사체,모노 에틸 프탈레이트(MEP),요,㎍/L,2023,preschool,영유아,geometric_mean,4.98
프탈레이트 대사체,모노 에틸 프탈레이트(MEP),요,㎍/L,2023,preschool,영유아,p95,60.0
프탈레이트 대사체,모노 에틸 프탈레이트(MEP),요,㎍/L,2023,elementary,초등학생,geometric_mean,5.99
프탈레이트 대사체,모노 에틸 프탈레이트(MEP),요,㎍/L,2023,elementary,초등학생,p95,63.4
프탈레이트 대사체,모노 에틸 프탈레이트(MEP),요,㎍/L,2023,middle_high_school,중고등학생,geometric_mean,9.53
프탈레이트 대사체,모노 에틸 프탈레이트(MEP),요,㎍/L,2023,middle_high_school,중고등학생,p95,144.0
프탈레이트 대사체,모노 에틸 프탈레이트(MEP),요,㎍/L,2023,adult,성인,geometric_mean,4.63
프탈레이트 대사체,모노 에틸 프탈레이트(MEP),요,㎍/L,2023,adult,성인,p95,202.0
프탈레이트 대사체,모노 에틸 프탈레이트(MEP),요,㎍/g cr.,2023,preschool,영유아,geometric_mean,6.1
프탈레이트 대사체,모노 에틸 프탈레이트(MEP),요,㎍/g cr.,2023,preschool,영유아,p95,53.8
프탈레이트 대사체,모노 에틸 프탈레이트(MEP),요,㎍/g cr.,2023,elementary,초등학생,geometric_mean,4.86
프탈레이트 대사체,모노 에틸 프탈레이트(MEP),요,㎍/g cr.,2023,elementary,초등학생,p95,44.2
프탈레이트 대사체,모노 에틸 프탈레이트(MEP),요,㎍/g cr.,2023,middle_high_school,중고등학생,geometric_mean,5.37
프탈레이트 대사체,모노 에틸 프탈레이트(MEP),요,㎍/g cr.,2023,middle_high_school,중고등학생,p95,76.9
프탈레이트 대사체,모노 에틸 프탈레이트(MEP),요,㎍/g cr.,2023,adult,성인,geometric_mean,4.61
프탈레이트 대사체,모노 에틸 프탈레이트(MEP),요,㎍/g cr.,2023,adult,성인,p95,188.0
피레스로이드계 살충제 대사체,3-페녹시벤조익산 (3-PBA),요,㎍/L,2023,preschool,영유아,geometric_mean,0.76
피레스로이드계 살충제 대사체,3-페녹시벤조익산 (3-PBA),요,㎍/L,2023,preschool,영유아,p95,3.74
피레스로이드계 살충제 대사체,3-페녹시벤조익산 (3-PBA),요,㎍/L,2023,elementary,초등학생,geometric_mean,1.05
피레스로이드계 살충제 대사체,3-페녹시벤조익산 (3-PBA),요,㎍/L,2023,elementary,초등학생,p95,6.91
피레스로이드계 살충제 대사체,3-페녹시벤조익산 (3-PBA),요,㎍/L,2023,middle_high_school,중고등학생,geometric_mean,0.953
피레스로이드계 살충제 대사체,3-페녹시벤조익산 (3-PBA),요,㎍/L,2023,middle_high_school,중고등학생,p95,4.11
피레스로이드계 살충제 대사체,3-페녹시벤조익산 (3-PBA),요,㎍/L,2023,adult,성인,geometric_mean,0.958
피레스로이드계 살충제 대사체,3-페녹시벤조익산 (3-PBA),요,㎍/L,2023,adult,성인,p95,5.9
피레스로이드계 살충제 대사체,3-페녹시벤조익산 (3-PBA),요,㎍/g cr.,2023,preschool,영유아,geometric_mean,0.885
피레스로이드계 살충제 대사체,3-페녹시벤조익산 (3-PBA),요,㎍/g cr.,2023,preschool,영유아,p95,4.49
피레스로이드계 살충제 대사체,3-페녹시벤조익산 (3-PBA),요,㎍/g cr.,2023,elementary,초등학생,geometric_mean,0.854
피레스로이드계 살충제 대사체,3-페녹시벤조익산 (3-PBA),요,㎍/g cr.,2023,elementary,초등학생,p95,4.61
피레스로이드계 살충제 대사체,3-페녹시벤조익산 (3-PBA),요,㎍/g cr.,2023,middle_high_school,중고등학생,geometric_mean,0.557
피레스로이드계 살충제 대사체,3-페녹시벤조익산 (3-PBA),요,㎍/g cr.,2023,middle_high_school,중고등학생,p95,2.28
피레스로이드계 살충제 대사체,3-페녹시벤조익산 (3-PBA),요,㎍/g cr.,2023,adult,성인,geometric_mean,0.97
피레스로이드계 살충제 대사체,3-페녹시벤조익산 (3-PBA),요,㎍/g cr.,2023,adult,성인,p95,5.92
휘발성 유기화합물 대사체,tt-뮤콘산,요,㎍/L,2023,preschool,영유아,geometric_mean,67.0
휘발성 유기화합물 대사체,tt-뮤콘산,요,㎍/L,2023,preschool,영유아,p95,327.0
휘발성 유기화합물 대사체,tt-뮤콘산,요,㎍/L,2023,elementary,초등학생,geometric_mean,64.0
휘발성 유기화합물 대사체,tt-뮤콘산,요,㎍/L,2023,elementary,초등학생,p95,332.0
휘발성 유기화합물 대사체,tt-뮤콘산,요,㎍/L,2023,middle_high_school,중고등학생,geometric_mean,51.1
휘발성 유기화합물 대사체,tt-뮤콘산,요,㎍/L,2023,middle_high_school,중고등학생,p95,316.0
휘발성 유기화합물 대사체,tt-뮤콘산,요,㎍/L,2023,adult,성인,geometric_mean,49.7
휘발성 유기화합물 대사체,tt-뮤콘산,요,㎍/L,2023,adult,성인,p95,241.0
휘발성 유기화합물 대사체,tt-뮤콘산,요,㎍/g cr.,2023,preschool,영유아,geometric_mean,78.0
휘발성 유기화합물 대사체,tt-뮤콘산,요,㎍/g cr.,2023,preschool,영유아,p95,355.0
휘발성 유기화합물 대사체,tt-뮤콘산,요,㎍/g cr.,2023,elementary,초등학생,geometric_mean,52.8
휘발성 유기화합물 대사체,tt-뮤콘산,요,㎍/g cr.,2023,elementary,초등학생,p95,274.0
휘발성 유기화합물 대사체,tt-뮤콘산,요,㎍/g cr.,2023,middle_high_school,중고등학생,geometric_mean,29.9
휘발성 유기화합물 대사체,tt-뮤콘산,요,㎍/g cr.,2023,middle_high_school,중고등학생,p95,162.0
휘발성 유기화합물 대사체,tt-뮤콘산,요,㎍/g cr.,2023,adult,성인,geometric_mean,50.6
휘발성 유기화합물 대사체,tt-뮤콘산,요,㎍/g cr.,2023,adult,성인,p95,211.0
휘발성 유기화합물 대사체,벤질머캅투르산,요,㎍/L,2023,preschool,영유아,geometric_mean,8.99
휘발성 유기화합물 대사체,벤질머캅투르산,요,㎍/L,2023,preschool,영유아,p95,50.9
휘발성 유기화합물 대사체,벤질머캅투르산,요,㎍/L,2023,elementary,초등학생,geometric_mean,5.99
휘발성 유기화합물 대사체,벤질머캅투르산,요,㎍/L,2023,elementary,초등학생,p95,30.2
휘발성 유기화합물 대사체,벤질머캅투르산,요,㎍/L,2023,middle_high_school,중고등학생,geometric_mean,4.25
휘발성 유기화합물 대사체,벤질머캅투르산,요,㎍/L,2023,middle_high_school,중고등학생,p95,18.8
휘발성 유기화합물 대사체,벤질머캅투르산,요,㎍/L,2023,adult,성인,geometric_mean,4.33
휘발성 유기화합물 대사체,벤질머캅투르산,요,㎍/L,2023,adult,성인,p95,20.6
휘발성 유기화합물 대사체,벤질머캅투르산,요,㎍/g cr.,2023,preschool,영유아,geometric_mean,10.2
휘발성 유기화합물 대사체,벤질머캅투르산,요,㎍/g cr.,2023,preschool,영유아,p95,50.3
휘발성 유기화합물 대사체,벤질머캅투르산,요,㎍/g cr.,2023,elementary,초등학생,geometric_mean,4.79
휘발성 유기화합물 대사체,벤질머캅투르산,요,㎍/g cr.,2023,elementary,초등학생,p95,23.4
휘발성 유기화합물 대사체,벤질머캅투르산,요,㎍/g cr.,2023,middle_high_school,중고등학생,geometric_mean,2.56
휘발성 유기화합물 대사체,벤질머캅투르산,요,㎍/g cr.,2023,middle_high_school,중고등학생,p95,13.5
휘발성 유기화합물 대사체,벤질머캅투르산,요,㎍/g cr.,2023,adult,성인,geometric_mean,4.35
휘발성 유기화합물 대사체,벤질머캅투르산,요,㎍/g cr.,2023,adult,성인,p95,18.5
니코틴 대사체,코티닌 (전체),요,㎍/L,2023,preschool,영유아,geometric_mean,2.13
니코틴 대사체,코티닌 (전체),요,㎍/L,2023,preschool,영유아,p95,6.72
니코틴 대사체,코티닌 (전체),요,㎍/L,2023,elementary,초등학생,geometric_mean,3.3
니코틴 대사체,코티닌 (전체),요,㎍/L,2023,elementary,초등학생,p95,11.2
니코틴 대사체,코티닌 (전체),요,㎍/L,2023,middle_high_school,중고등학생,geometric_mean,3.33
니코틴 대사체,코티닌 (전체),요,㎍/L,2023,middle_high_school,중고등학생,p95,13.1
니코틴 대사체,코티닌 (전체),요,㎍/L,2023,adult,성인,geometric_mean,6.55
니코틴 대사체,코티닌 (전체),요,㎍/L,2023,adult,성인,p95,1630.0
니코틴 대사체,코티닌 (전체),요,㎍/g cr.,2023,preschool,영유아,geometric_mean,2.47
니코틴 대사체,코티닌 (전체),요,㎍/g cr.,2023,preschool,영유아,p95,6.18
니코틴 대사체,코티닌 (전체),요,㎍/g cr.,2023,elementary,초등학생,geometric_mean,2.69
니코틴 대사체,코티닌 (전체),요,㎍/g cr.,2023,elementary,초등학생,p95,7.02
니코틴 대사체,코티닌 (전체),요,㎍/g cr.,2023,middle_high_school,중고등학생,geometric_mean,1.92
니코틴 대사체,코티닌 (전체),요,㎍/g cr.,2023,middle_high_school,중고등학생,p95,6.17
니코틴 대사체,코티닌 (전체),요,㎍/g cr.,2023,adult,성인,geometric_mean,6.65
니코틴 대사체,코티닌 (전체),요,㎍/g cr.,2023,adult,성인,p95,1503.0
니코틴 대사체,코티닌 (비흡연),요,㎍/L,2023,middle_high_school,중고등학생,geometric_mean,3.06
니코틴 대사체,코티닌 (비흡연),요,㎍/L,2023,middle_high_school,중고등학생,p95,9.53
니코틴 대사체,코티닌 (비흡연),요,㎍/L,2023,adult,성인,geometric_mean,2.0
니코틴 대사체,코티닌 (비흡연),요,㎍/L,2023,adult,성인,p95,13.1
니코틴 대사체,코티닌 (비흡연),요,㎍/g cr.,2023,middle_high_school,중고등학생,geometric_mean,1.76
니코틴 대사체,코티닌 (비흡연),요,㎍/g cr.,2023,middle_high_school,중고등학생,p95,4.72
니코틴 대사체,코티닌 (비흡연),요,㎍/g cr.,2023,adult,성인,geometric_mean,2.1
니코틴 대사체,코티닌 (비흡연),요,㎍/g cr.,2023,adult,성인,p95,11.1
니코틴 대사체,코티닌 (흡연),요,㎍/L,2023,middle_high_school,중고등학생,geometric_mean,524.0
니코틴 대사체,코티닌 (흡연),요,㎍/L,2023,middle_high_school,중고등학생,p95,1365.0
니코틴 대사체,코티닌 (흡연),요,㎍/L,2023,adult,성인,geometric_mean,883.0
니코틴 대사체,코티닌 (흡연),요,㎍/L,2023,adult,성인,p95,2559.0
니코틴 대사체,코티닌 (흡연),요,㎍/g cr.,2023,middle_high_school,중고등학생,geometric_mean,362.0
니코틴 대사체,코티닌 (흡연),요,㎍/g cr.,2023,middle_high_school,중고등학생,p95,2017.0
니코틴 대사체,코티닌 (흡연),요,㎍/g cr.,2023,adult,성인,geometric_mean,742.0
니코틴 대사체,코티닌 (흡연),요,㎍/g cr.,2023,adult,성인,p95,2748.0
과불화화합물,과불화옥탄산 (PFOA),혈액,㎍/L,2023,middle_high_school,중고등학생,geometric_mean,3.93
과불화화합물,과불화옥탄산 (PFOA),혈액,㎍/L,2023,middle_high_school,중고등학생,p95,9.4
과불화화합물,과불화옥탄산 (PFOA),혈액,㎍/L,2023,adult,성인,geometric_mean,6.81
과불화화합물,과불화옥탄산 (PFOA),혈액,㎍/L,2023,adult,성인,p95,18.7
과불화화합물,과불화옥탄설폰산 (PFOS),혈액,㎍/L,2023,middle_high_school,중고등학생,geometric_mean,6.13
과불화화합물,과불화옥탄설폰산 (PFOS),혈액,㎍/L,2023,middle_high_school,중고등학생,p95,13.1
과불화화합물,과불화옥탄설폰산 (PFOS),혈액,㎍/L,2023,adult,성인,geometric_mean,10.8
과불화화합물,과불화옥탄설폰산 (PFOS),혈액,㎍/L,2023,adult,성인,p95,32.6
과불화화합물,과불화헥세인설폰산 (PFHxS),혈액,㎍/L,2023,middle_high_school,중고등학생,geometric_mean,2.22
과불화화합물,과불화헥세인설폰산 (PFHxS),혈액,㎍/L,2023,middle_high_school,중고등학생,p95,5.48
과불화화합물,과불화헥세인설폰산 (PFHxS),혈액,㎍/L,2023,adult,성인,geometric_mean,4.06
과불화화합물,과불화헥세인설폰산 (PFHxS),혈액,㎍/L,2023,adult,성인,p95,14.3
과불화화합물,과불화녹살산 (PFNA),혈액,㎍/L,2023,middle_high_school,중고등학생,geometric_mean,0.895
과불화화합물,과불화녹살산 (PFNA),혈액,㎍/L,2023,middle_high_school,중고등학생,p95,1.92
과불화화합물,과불화녹살산 (PFNA),혈액,㎍/L,2023,adult,성인,geometric_mean,1.94
과불화화합물,과불화녹살산 (PFNA),혈액,㎍/L,2023,adult,성인,p95,5.17
과불화화합물,과불화데케인산 (PFDeA),혈액,㎍/L,2023,middle_high_school,중고등학생,geometric_mean,0.419
과불화화합물,과불화데케인산 (PFDeA),혈액,㎍/L,2023,middle_high_school,중고등학생,p95,0.989
과불화화합물,과불화데케인산 (PFDeA),혈액,㎍/L,2023,adult,성인,geometric_mean,0.869
과불화화합물,과불화데케인산 (PFDeA),혈액,㎍/L,2023,adult,성인,p95,2.78
잔류성유기오염물질,폴리염화비페닐 (PCB) 52,혈액,pg/mL,2023,middle_high_school,중고등학생,p95,19.1
잔류성유기오염물질,폴리염화비페닐 (PCB) 52,혈액,pg/mL,2023,adult,성인,p95,12.7
잔류성유기오염물질,폴리염화비페닐 (PCB) 52,혈액,ng/g lipid,2023,middle_high_school,중고등학생,p95,3.77
잔류성유기오염물질,폴리염화비페닐 (PCB) 52,혈액,ng/g lipid,2023,adult,성인,p95,2.08
잔류성유기오염물질,폴리염화비페닐 (PCB) 56,혈액,pg/mL,2023,middle_high_school,중고등학생,p95,3.59
잔류성유기오염물질,폴리염화비페닐 (PCB) 56,혈액,pg/mL,2023,adult,성인,p95,6.47
잔류성유기오염물질,폴리염화비페닐 (PCB) 56,혈액,ng/g lipid,2023,middle_high_school,중고등학생,p95,0.682
잔류성유기오염물질,폴리염화비페닐 (PCB) 56,혈액,ng/g lipid,2023,adult,성인,p95,0.998
잔류성유기오염물질,폴리염화비페닐 (PCB) 74,혈액,pg/mL,2023,middle_high_school,중고등학생,geometric_mean,2.5
잔류성유기오염물질,폴리염화비페닐 (PCB) 74,혈액,pg/mL,2023,middle_high_school,중고등학생,p95,9.15
잔류성유기오염물질,폴리염화비페닐 (PCB) 74,혈액,pg/mL,2023,adult,성인,geometric_mean,7.05
잔류성유기오염물질,폴리염화비페닐 (PCB) 74,혈액,pg/mL,2023,adult,성인,p95,22.5
잔류성유기오염물질,폴리염화비페닐 (PCB) 74,혈액,ng/g lipid,2023,middle_high_school,중고등학생,geometric_mean,0.479
잔류성유기오염물질,폴리염화비페닐 (PCB) 74,혈액,ng/g lipid,2023,middle_high_school,중고등학생,p95,1.83
잔류성유기오염물질,폴리염화비페닐 (PCB) 74,혈액,ng/g lipid,2023,adult,성인,geometric_mean,1.06
잔류성유기오염물질,폴리염화비페닐 (PCB) 74,혈액,ng/g lipid,2023,adult,성인,p95,3.69
잔류성유기오염물질,폴리염화비페닐 (PCB) 101,혈액,pg/mL,2023,middle_high_school,중고등학생,p95,7.05
잔류성유기오염물질,폴리염화비페닐 (PCB) 101,혈액,pg/mL,2023,adult,성인,p95,9.52
잔류성유기오염물질,폴리염화비페닐 (PCB) 101,혈액,ng/g lipid,2023,middle_high_school,중고등학생,p95,1.38
잔류성유기오염물질,폴리염화비페닐 (PCB) 101,혈액,ng/g lipid,2023,adult,성인,p95,1.53
잔류성유기오염물질,폴리염화비페닐 (PCB) 105,혈액,pg/mL,2023,middle_high_school,중고등학생,p95,3.44
잔류성유기오염물질,폴리염화비페닐 (PCB) 105,혈액,pg/mL,2023,adult,성인,geometric_mean,1.92
잔류성유기오염물질,폴리염화비페닐 (PCB) 105,혈액,pg/mL,2023,adult,성인,p95,10.5
잔류성유기오염물질,폴리염화비페닐 (PCB) 105,혈액,ng/g lipid,2023,middle_high_school,중고등학생,p95,0.655
잔류성유기오염물질,폴리염화비페닐 (PCB) 105,혈액,ng/g lipid,2023,adult,성인,geometric_mean,0.289
잔류성유기오염물질,폴리염화비페닐 (PCB) 105,혈액,ng/g lipid,2023,adult,성인,p95,1.56
잔류성유기오염물질,폴리염화비페닐 (PCB) 118,혈액,pg/mL,2023,middle_high_school,중고등학생,geometric_mean,3.57
잔류성유기오염물질,폴리염화비페닐 (PCB) 118,혈액,pg/mL,2023,middle_high_school,중고등학생,p95,13.6
잔류성유기오염물질,폴리염화비페닐 (PCB) 118,혈액,pg/mL,2023,adult,성인,geometric_mean,11.8
잔류성유기오염물질,폴리염화비페닐 (PCB) 118,혈액,pg/mL,2023,adult,성인,p95,45.3
잔류성유기오염물질,폴리염화비페닐 (PCB) 118,혈액,ng/g lipid,2023,middle_high_school,중고등학생,geometric_mean,0.681
잔류성유기오염물질,폴리염화비페닐 (PCB) 118,혈액,ng/g lipid,2023,middle_high_school,중고등학생,p95,2.72
잔류성유기오염물질,폴리염화비페닐 (PCB) 118,혈액,ng/g lipid,2023,adult,성인,geometric_mean,1.77
잔류성유기오염물질,폴리염화비페닐 (PCB) 118,혈액,ng/g lipid,2023,adult,성인,p95,6.94
잔류성유기오염물질,폴리염화비페닐 (PCB) 138,혈액,pg/mL,2023,middle_high_school,중고등학생,geometric_mean,6.31
잔류성유기오염물질,폴리염화비페닐 (PCB) 138,혈액,pg/mL,2023,middle_high_school,중고등학생,p95,34.2
잔류성유기오염물질,폴리염화비페닐 (PCB) 138,혈액,pg/mL,2023,adult,성인,geometric_mean,25.1
잔류성유기오염물질,폴리염화비페닐 (PCB) 138,혈액,pg/mL,2023,adult,성인,p95,125.0
잔류성유기오염물질,폴리염화비페닐 (PCB) 138,혈액,ng/g lipid,2023,middle_high_school,중고등학생,geometric_mean,1.2
잔류성유기오염물질,폴리염화비페닐 (PCB) 138,혈액,ng/g lipid,2023,middle_high_school,중고등학생,p95,6.88
잔류성유기오염물질,폴리염화비페닐 (PCB) 138,혈액,ng/g lipid,2023,adult,성인,geometric_mean,3.78
잔류성유기오염물질,폴리염화비페닐 (PCB) 138,혈액,ng/g lipid,2023,adult,성인,p95,19.5
잔류성유기오염물질,폴리염화비페닐 (PCB) 153,혈액,pg/mL,2023,middle_high_school,중고등학생,geometric_mean,9.29
잔류성유기오염물질,폴리염화비페닐 (PCB) 153,혈액,pg/mL,2023,middle_high_school,중고등학생,p95,45.0
잔류성유기오염물질,폴리염화비페닐 (PCB) 153,혈액,pg/mL,2023,adult,성인,geometric_mean,47.5
잔류성유기오염물질,폴리염화비페닐 (PCB) 153,혈액,pg/mL,2023,adult,성인,p95,194.0
잔류성유기오염물질,폴리염화비페닐 (PCB) 153,혈액,ng/g lipid,2023,middle_high_school,중고등학생,geometric_mean,1.77
잔류성유기오염물질,폴리염화비페닐 (PCB) 153,혈액,ng/g lipid,2023,middle_high_school,중고등학생,p95,8.26
잔류성유기오염물질,폴리염화비페닐 (PCB) 153,혈액,ng/g lipid,2023,adult,성인,geometric_mean,7.15
잔류성유기오염물질,폴리염화비페닐 (PCB) 153,혈액,ng/g lipid,2023,adult,성인,p95,30.5
잔류성유기오염물질,폴리염화비페닐 (PCB) 157,혈액,pg/mL,2023,middle_high_school,중고등학생,p95,1.33
잔류성유기오염물질,폴리염화비페닐 (PCB) 157,혈액,pg/mL,2023,adult,성인,p95,11.4
잔류성유기오염물질,폴리염화비페닐 (PCB) 157,혈액,ng/g lipid,2023,middle_high_school,중고등학생,p95,0.282
잔류성유기오염물질,폴리염화비페닐 (PCB) 157,혈액,ng/g lipid,2023,adult,성인,p95,1.92
잔류성유기오염물질,폴리염화비페닐 (PCB) 167,혈액,pg/mL,2023,adult,성인,p95,7.93
잔류성유기오염물질,폴리염화비페닐 (PCB) 167,혈액,ng/g lipid,2023,adult,성인,p95,1.3
잔류성유기오염물질,폴리염화비페닐 (PCB) 180,혈액,pg/mL,2023,middle_high_school,중고등학생,p95,22.4
잔류성유기오염물질,폴리염화비페닐 (PCB) 180,혈액,pg/mL,2023,adult,성인,geometric_mean,26.2
잔류성유기오염물질,폴리염화비페닐 (PCB) 180,혈액,pg/mL,2023,adult,성인,p95,170.0
잔류성유기오염물질,폴리염화비페닐 (PCB) 180,혈액,ng/g lipid,2023,middle_high_school,중고등학생,p95,4.41
잔류성유기오염물질,폴리염화비페닐 (PCB) 180,혈액,ng/g lipid,2023,adult,성인,geometric_mean,3.94
잔류성유기오염물질,폴리염화비페닐 (PCB) 180,혈액,ng/g lipid,2023,adult,성인,p95,26.8
잔류성유기오염물질,폴리염화비페닐 (PCB) 187,혈액,pg/mL,2023,middle_high_school,중고등학생,p95,16.1
잔류성유기오염물질,폴리염화비페닐 (PCB) 187,혈액,pg/mL,2023,adult,성인,geometric_mean,7.69
잔류성유기오염물질,폴리염화비페닐 (PCB) 187,혈액,pg/mL,2023,adult,성인,p95,78.3
잔류성유기오염물질,폴리염화비페닐 (PCB) 187,혈액,ng/g lipid,2023,middle_high_school,중고등학생,p95,3.09
잔류성유기오염물질,폴리염화비페닐 (PCB) 187,혈액,ng/g lipid,2023,adult,성인,geometric_mean,1.16
잔류성유기오염물질,폴리염화비페닐 (PCB) 187,혈액,ng/g lipid,2023,adult,성인,p95,11.2
잔류성유기오염물질,유기염소계 농약류 (OCP) pp'-DDT,혈액,pg/mL,2023,middle_high_school,중고등학생,p95,18.2
잔류성유기오염물질,유기염소계 농약류 (OCP) pp'-DDT,혈액,pg/mL,2023,adult,성인,geometric_mean,9.21
잔류성유기오염물질,유기염소계 농약류 (OCP) pp'-DDT,혈액,pg/mL,2023,adult,성인,p95,58.4
잔류성유기오염물질,유기염소계 농약류 (OCP) pp'-DDT,혈액,ng/g lipid,2023,middle_high_school,중고등학생,p95,3.33
잔류성유기오염물질,유기염소계 농약류 (OCP) pp'-DDT,혈액,ng/g lipid,2023,adult,성인,geometric_mean,1.39
잔류성유기오염물질,유기염소계 농약류 (OCP) pp'-DDT,혈액,ng/g lipid,2023,adult,성인,p95,8.89
잔류성유기오염물질,유기염소계 농약류 (OCP) pp'-DDE,혈액,pg/mL,2023,middle_high_school,중고등학생,geometric_mean,122.0
잔류성유기오염물질,유기염소계 농약류 (OCP) pp'-DDE,혈액,pg/mL,2023,middle_high_school,중고등학생,p95,334.0
잔류성유기오염물질,유기염소계 농약류 (OCP) pp'-DDE,혈액,pg/mL,2023,adult,성인,geometric_mean,403.0
잔류성유기오염물질,유기염소계 농약류 (OCP) pp'-DDE,혈액,pg/mL,2023,adult,성인,p95,1464.0
잔류성유기오염물질,유기염소계 농약류 (OCP) pp'-DDE,혈액,ng/g lipid,2023,middle_high_school,중고등학생,geometric_mean,23.3
잔류성유기오염물질,유기염소계 농약류 (OCP) pp'-DDE,혈액,ng/g lipid,2023,middle_high_school,중고등학생,p95,65.4
잔류성유기오염물질,유기염소계 농약류 (OCP) pp'-DDE,혈액,ng/g lipid,2023,adult,성인,geometric_mean,60.7
잔류성유기오염물질,유기염소계 농약류 (OCP) pp'-DDE,혈액,ng/g lipid,2023,adult,성인,p95,239.0
잔류성유기오염물질,유기염소계 농약류 (OCP) HCB,혈액,pg/mL,2023,middle_high_school,중고등학생,geometric_mean,27.4
잔류성유기오염물질,유기염소계 농약류 (OCP) HCB,혈액,pg/mL,2023,middle_high_school,중고등학생,p95,581.0
잔류성유기오염물질,유기염소계 농약류 (OCP) HCB,혈액,pg/mL,2023,adult,성인,geometric_mean,31.3
잔류성유기오염물질,유기염소계 농약류 (OCP) HCB,혈액,pg/mL,2023,adult,성인,p95,181.0
잔류성유기오염물질,유기염소계 농약류 (OCP) HCB,혈액,ng/g lipid,2023,middle_high_school,중고등학생,geometric_mean,5.21
잔류성유기오염물질,유기염소계 농약류 (OCP) HCB,혈액,ng/g lipid,2023,middle_high_school,중고등학생,p95,115.0
잔류성유기오염물질,유기염소계 농약류 (OCP) HCB,혈액,ng/g lipid,2023,adult,성인,geometric_mean,4.71
잔류성유기오염물질,유기염소계 농약류 (OCP) HCB,혈액,ng/g lipid,2023,adult,성인,p95,28.0
잔류성유기오염물질,유기염소계 농약류 (OCP) β-HCH,혈액,pg/mL,2023,middle_high_school,중고등학생,p95,34.7
잔류성유기오염물질,유기염소계 농약류 (OCP) β-HCH,혈액,pg/mL,2023,adult,성인,geometric_mean,23.2
잔류성유기오염물질,유기염소계 농약류 (OCP) β-HCH,혈액,pg/mL,2023,adult,성인,p95,122.0
잔류성유기오염물질,유기염소계 농약류 (OCP) β-HCH,혈액,ng/g lipid,2023,middle_high_school,중고등학생,p95,6.54
잔류성유기오염물질,유기염소계 농약류 (OCP) β-HCH,혈액,ng/g lipid,2023,adult,성인,geometric_mean,3.49
잔류성유기오염물질,유기염소계 농약류 (OCP) β-HCH,혈액,ng/g lipid,2023,adult,성인,p95,18.5
잔류성유기오염물질,유기염소계 농약류 (OCP) γ-HCH,혈액,pg/mL,2023,middle_high_school,중고등학생,p95,21.9
잔류성유기오염물질,유기염소계 농약류 (OCP) γ-HCH,혈액,pg/mL,2023,adult,성인,p95,21.9
잔류성유기오염물질,유기염소계 농약류 (OCP) γ-HCH,혈액,ng/g lipid,2023,middle_high_school,중고등학생,p95,4.34
잔류성유기오염물질,유기염소계 농약류 (OCP) γ-HCH,혈액,ng/g lipid,2023,adult,성인,p95,3.67
잔류성유기오염물질,폴리브롬화디페닐에테르 (PBDE) 47,혈액,pg/mL,2023,middle_high_school,중고등학생,p95,3.9
잔류성유기오염물질,폴리브롬화디페닐에테르 (PBDE) 47,혈액,pg/mL,2023,adult,성인,p95,3.4
잔류성유기오염물질,폴리브롬화디페닐에테르 (PBDE) 47,혈액,ng/g lipid,2023,middle_high_school,중고등학생,p95,0.747
잔류성유기오염물질,폴리브롬화디페닐에테르 (PBDE) 47,혈액,ng/g lipid,2023,adult,성인,p95,0.594
잔류성유기오염물질,폴리브롬화디페닐에테르 (PBDE) 153,혈액,pg/mL,2023,middle_high_school,중고등학생,p95,16.0
잔류성유기오염물질,폴리브롬화디페닐에테르 (PBDE) 153,혈액,pg/mL,2023,adult,성인,p95,40.9
잔류성유기오염물질,폴리브롬화디페닐에테르 (PBDE) 153,혈액,ng/g lipid,2023,middle_high_school,중고등학생,p95,2.87
잔류성유기오염물질,폴리브롬화디페닐에테르 (PBDE) 153,혈액,ng/g lipid,2023,adult,성인,p95,5.97
